<?xml version="1.0" encoding="UTF-8"?>
<beans xmlns="http://www.springframework.org/schema/beans"
	xmlns:xsi="http://www.w3.org/2001/XMLSchema-instance" xmlns:p="http://www.springframework.org/schema/p"
	xmlns:context="http://www.springframework.org/schema/context"
	xmlns:tx="http://www.springframework.org/schema/tx"
	xmlns:mvc="http://www.springframework.org/schema/mvc"
	xsi:schemaLocation="http://www.springframework.org/schema/beans
		http://www.springframework.org/schema/beans/spring-beans-3.1.xsd
		http://www.springframework.org/schema/context
		http://www.springframework.org/schema/context/spring-context-3.1.xsd
		http://www.springframework.org/schema/mvc
        http://www.springframework.org/schema/mvc/spring-mvc-3.1.xsd
        http://www.springframework.org/schema/tx
        http://www.springframework.org/schema/tx/spring-tx.xsd">
        
        
       
 
	<bean id="tdmUserDS" class="org.springframework.jndi.JndiObjectFactoryBean">
	    <property name="jndiName" value="java:jboss/datasources/tdmUserDS" />
	    <property name="resourceRef" value="true" />        
	</bean> 
	
	<bean id="tdgPersistenceUnit" class="org.springframework.jndi.JndiObjectFactoryBean">
		<property name="jndiName" value="java:jboss/datasources/tdgPersistenceUnit"/>
		<property name="resourceRef" value="true" />
	</bean>
	
	
	<bean id="entityManagerFactoryUser"
		class="org.springframework.orm.jpa.LocalContainerEntityManagerFactoryBean">
		<property name="persistenceXmlLocation" value="/WEB-INF/persistence.xml" />
		<property name="persistenceUnitName" value="userPersistenceUnit" />
		<property name="dataSource" ref="tdmUserDS" />
		<property name="jpaVendorAdapter" ref="jpaVendorAdapter" />
	</bean>
	
	<bean id="entityManagerFactorySubsc"
		class="org.springframework.orm.jpa.LocalContainerEntityManagerFactoryBean">
		<property name="persistenceXmlLocation" value="/WEB-INF/persistence.xml" />
		<property name="persistenceUnitName" value="tdgPersistenceUnit" />
		<property name="dataSource" ref="tdgPersistenceUnit" />
		<property name="jpaVendorAdapter" ref="jpaVendorAdapter" />
	</bean>
	
	<bean id="jpaVendorAdapter"
		class="org.springframework.orm.jpa.vendor.HibernateJpaVendorAdapter">
		<property name="databasePlatform" value="org.hibernate.dialect.Oracle9iDialect" />
	</bean>
	
	<bean id="transactionManagerUser" class="org.springframework.orm.jpa.JpaTransactionManager">
		<property name="entityManagerFactory" ref="entityManagerFactoryUser" />
		<property name="dataSource" ref="tdmUserDS" />
		
	</bean>
	
	<bean id="transactionManagerSubsc" class="org.springframework.orm.jpa.JpaTransactionManager">
        <property name="entityManagerFactory" ref="entityManagerFactorySubsc" />
        <property name="dataSource" ref="tdgPersistenceUnit" />
    </bean>  
	
    
    <tx:annotation-driven transaction-manager="entityManagerFactory" /> 
	<tx:annotation-driven transaction-manager="entityManagerFactoryUser" /> 
	<tx:annotation-driven transaction-manager="entityManagerFactorySubsc" /> 
	
    <context:property-placeholder location="classpath:properties/mail.properties" />
    
    <bean id="mailSender" class="org.springframework.mail.javamail.JavaMailSenderImpl"
          p:host="pushmail.uk.capgemini.com"
          p:username="${mail.username}"
          p:password="${mail.password}">
        <property name="javaMailProperties">
            <props>
                <prop key="mail.smtp.auth">true</prop>
                <prop key="mail.smtp.starttls.enable">true</prop>
            </props>
        </property>
    </bean>
    
	<bean id="velocityEngine" class="org.springframework.ui.velocity.VelocityEngineFactoryBean">
	  <property name="velocityProperties">
		 <value>
		  resource.loader=class
		  class.resource.loader.class=org.apache.velocity.runtime.resource.loader.ClasspathResourceLoader
		 </value>
	  </property>
	</bean> 
	  
	<bean id="emailNotificationService" class="com.tesda.email.EmailNotificationServiceImpl">
	  <property name="mailSender" ref="mailSender"/>
	  <property name="velocityEngine" ref="velocityEngine"/>
	</bean>
    
   
	<bean id="messageSource" class="org.springframework.context.support.ReloadableResourceBundleMessageSource">
	 <property name="basenames" value="classpath:properties/Messages"/>
	</bean>
	 
    <bean id="messageAdapter"
		class="org.springframework.web.servlet.mvc.annotation.AnnotationMethodHandlerAdapter">
		<property name="messageConverters">
			<list>
				<!-- Message converters -->
				<bean class="org.springframework.http.converter.StringHttpMessageConverter" />
				<bean class="org.springframework.http.converter.FormHttpMessageConverter"/>
				<bean class="org.springframework.http.converter.ByteArrayHttpMessageConverter" />
				<bean class="org.springframework.http.converter.xml.SourceHttpMessageConverter" />
				<bean class="org.springframework.http.converter.BufferedImageHttpMessageConverter" />
				<bean class="org.springframework.http.converter.json.MappingJacksonHttpMessageConverter" />
			</list>
		</property>
	</bean>
	
	   <bean id="multipartResolver"
	        class="org.springframework.web.multipart.commons.CommonsMultipartResolver" />
	        
	   <bean id="tdgExcelSearchResultListView"
		   	class="com.tesda.view.TdgExcelSearchResultListView">
	   </bean>
	   
	   <bean id="pdfView"
	   	    class="com.tesda.view.TdgPdfSearchResultListView">
	   </bean>   	   


 </beans>




