<?xml version="1.0" encoding="UTF-8"?>
<beans xmlns="http://www.springframework.org/schema/beans"
	xmlns:xsi="http://www.w3.org/2001/XMLSchema-instance" xmlns:p="http://www.springframework.org/schema/p"
	xmlns:context="http://www.springframework.org/schema/context"
	xmlns:mvc="http://www.springframework.org/schema/mvc"
	xsi:schemaLocation="http://www.springframework.org/schema/beans
		http://www.springframework.org/schema/beans/spring-beans-3.1.xsd
		http://www.springframework.org/schema/context
		http://www.springframework.org/schema/context/spring-context-3.1.xsd
		http://www.springframework.org/schema/mvc
        http://www.springframework.org/schema/mvc/spring-mvc-3.1.xsd">

	<context:component-scan base-package="com.tesda.*" />
	<mvc:resources location="/" mapping="/*" />
	<mvc:default-servlet-handler/>
	<context:annotation-config />
	<mvc:annotation-driven/>
  
	<bean id="viewResolver"
		class="org.springframework.web.servlet.view.InternalResourceViewResolver">
		<property name="prefix" value="/jsp/" />
		<!-- <property name="prefix" value="/chart-types/" /> -->
		<property name="suffix" value=".jsp" />
	</bean>
	
	<bean class="org.springframework.web.servlet.view.XmlViewResolver">
	   <property name="location">
	       <value>/WEB-INF/spring-config.xml</value>
	   </property>
	   <property name="order" value="0" />
	</bean>
		
</beans>